"Branch Name","Address","City","State","Zip Code","County","Application Number","Application Type","Action","Action Date","Comment Period End Date","URL"
"BURLINGAME BRANCH","1351 HOWARD AVENUE","BURLINGAME","CA","94010","San Mateo","2026-BranchClosing-345908","Branch Closings","Receipt","2026-05-26","","https://apps.occ.gov/CAS/home/details?FilingTypeID=14&FilingID=345908&FilingSubtypeID=1007"
"06414 Farmington Hills BC","33133 W. 12 Mile Road","Farmington Hills","MI","48334","Oakland","2026-BranchClosing-345917","Branch Closings","Receipt","2026-05-26","","https://apps.occ.gov/CAS/home/details?FilingTypeID=14&FilingID=345917&FilingSubtypeID=1007"
"FOURTEEN MILE-HAGGERTY BRANCH","39950 FOURTEEN MILE ROAD","WALLED LAKE","MI","48390","Oakland","2026-BranchClosing-345920","Branch Closings","Receipt","2026-05-26","","https://apps.occ.gov/CAS/home/details?FilingTypeID=14&FilingID=345920&FilingSubtypeID=1007"
"JACKSON MAIN BRANCH","301 NORTH JACKSON STREET","JACKSON","MI","49201","Jackson","2026-BranchClosing-345922","Branch Closings","Receipt","2026-05-26","","https://apps.occ.gov/CAS/home/details?FilingTypeID=14&FilingID=345922&FilingSubtypeID=1007"
"MAIN-HURON BRANCH","101 NORTH MAIN STREET","ANN ARBOR","MI","48104","Washtenaw","2026-BranchClosing-345923","Branch Closings","Receipt","2026-05-26","","https://apps.occ.gov/CAS/home/details?FilingTypeID=14&FilingID=345923&FilingSubtypeID=1007"
"PONTIAC TRAIL-BECK BRANCH","47060 PONTIAC TRAIL","WALLED LAKE","MI","48390","Oakland","2026-BranchClosing-345924","Branch Closings","Receipt","2026-05-26","","https://apps.occ.gov/CAS/home/details?FilingTypeID=14&FilingID=345924&FilingSubtypeID=1007"
"THIRTEEN MILE-VAN DYKE BRANCH","30500 VAN DYKE AVENUE","WARREN","MI","48093","Macomb","2026-BranchClosing-345925","Branch Closings","Receipt","2026-05-26","","https://apps.occ.gov/CAS/home/details?FilingTypeID=14&FilingID=345925&FilingSubtypeID=1007"
"WASHTENAW-HURON PARKWAY BRANCH","3305 WASHTENAW AVENUE","ANN ARBOR","MI","48104","Washtenaw","2026-BranchClosing-345926","Branch Closings","Receipt","2026-05-26","","https://apps.occ.gov/CAS/home/details?FilingTypeID=14&FilingID=345926&FilingSubtypeID=1007"
"WOODWARD-MARGARET BRANCH","18222 WOODWARD AVENUE","HIGHLAND PARK","MI","48203","Wayne","2026-BranchClosing-345927","Branch Closings","Receipt","2026-05-26","","https://apps.occ.gov/CAS/home/details?FilingTypeID=14&FilingID=345927&FilingSubtypeID=1007"
"CAMPAU SQUARE BRANCH","99 MONROE AVENUE NORTHWEST","GRAND RAPIDS","MI","49503","Kent","2026-BranchClosing-345928","Branch Closings","Receipt","2026-05-26","","https://apps.occ.gov/CAS/home/details?FilingTypeID=14&FilingID=345928&FilingSubtypeID=1007"
"FORD-SHELDON BRANCH","44880 FORD ROAD","CANTON","MI","48187","Wayne","2026-BranchClosing-345929","Branch Closings","Receipt","2026-05-26","","https://apps.occ.gov/CAS/home/details?FilingTypeID=14&FilingID=345929&FilingSubtypeID=1007"
"05144 Haggerty and Pontiac Trail BC","4747 Haggerty Road","West Bloomfield","MI","48323","Oakland","2026-BranchClosing-345956","Branch Closings","Receipt","2026-05-26","","https://apps.occ.gov/CAS/home/details?FilingTypeID=14&FilingID=345956&FilingSubtypeID=1007"
"M59-OAKLAND AIRPORT BRANCH","7070 HIGHLAND ROAD","WATERFORD","MI","48327","Oakland","2026-BranchClosing-345958","Branch Closings","Receipt","2026-05-26","","https://apps.occ.gov/CAS/home/details?FilingTypeID=14&FilingID=345958&FilingSubtypeID=1007"
"PALM BEACH GARDENS BRANCH","2401 PGA BOULEVARD, SUITE 198","PALM BEACH GARDENS","FL","33410","Palm Beach","2026-BranchClosing-345959","Branch Closings","Receipt","2026-05-26","","https://apps.occ.gov/CAS/home/details?FilingTypeID=14&FilingID=345959&FilingSubtypeID=1007"
"ROYAL OAK","323 SOUTH MAIN STREET","ROYAL OAK","MI","48067","Oakland","2026-BranchClosing-345960","Branch Closings","Receipt","2026-05-26","","https://apps.occ.gov/CAS/home/details?FilingTypeID=14&FilingID=345960&FilingSubtypeID=1007"
"01207 Troy Bishop BC","3754 Rochester Road","Troy","MI","48083","Oakland","2026-BranchClosing-345962","Branch Closings","Receipt","2026-05-26","","https://apps.occ.gov/CAS/home/details?FilingTypeID=14&FilingID=345962&FilingSubtypeID=1007"
"WOODLAND MALL BRANCH","3215 28TH STREET SOUTHEAST","GRAND RAPIDS","MI","49512","Kent","2026-BranchClosing-345963","Branch Closings","Receipt","2026-05-26","","https://apps.occ.gov/CAS/home/details?FilingTypeID=14&FilingID=345963&FilingSubtypeID=1007"
"MACK-BRYS BRANCH","21303 MACK AVENUE","GROSSE POINTE","MI","48236","Wayne","2026-BranchClosing-346046","Branch Closings","Receipt","2026-05-26","","https://apps.occ.gov/CAS/home/details?FilingTypeID=14&FilingID=346046&FilingSubtypeID=1007"
"JOY-BEECH DALY BRANCH","25851 JOY ROAD","DEARBORN HEIGHTS","MI","48127","Wayne","2026-BranchClosing-346047","Branch Closings","Receipt","2026-05-26","","https://apps.occ.gov/CAS/home/details?FilingTypeID=14&FilingID=346047&FilingSubtypeID=1007"
"LAUREL PARK-SIX MILE BRANCH","17111 NORTH LAUREL PARK DRIVE","LIVONIA","MI","48152","Wayne","2026-BranchClosing-346048","Branch Closings","Receipt","2026-05-26","","https://apps.occ.gov/CAS/home/details?FilingTypeID=14&FilingID=346048&FilingSubtypeID=1007"
"JOHN R-MAPLE BRANCH","1494 JOHN R ROAD","TROY","MI","48083","Oakland","2026-BranchClosing-346049","Branch Closings","Receipt","2026-05-26","","https://apps.occ.gov/CAS/home/details?FilingTypeID=14&FilingID=346049&FilingSubtypeID=1007"
"NORTHVILLE BRANCH","129 EAST MAIN STREET","NORTHVILLE","MI","48167","Wayne","2026-BranchClosing-346050","Branch Closings","Receipt","2026-05-26","","https://apps.occ.gov/CAS/home/details?FilingTypeID=14&FilingID=346050&FilingSubtypeID=1007"
"05115 Plymouth BC","42370 Ann Arbor Rd.","Plymouth","MI","48170","Wayne","2026-BranchClosing-346051","Branch Closings","Receipt","2026-05-26","","https://apps.occ.gov/CAS/home/details?FilingTypeID=14&FilingID=346051&FilingSubtypeID=1007"
"MAPLE-ORCHARD LAKE BRANCH","5680 WEST MAPLE ROAD","WEST BLOOMFIELD","MI","48322","Oakland","2026-BranchClosing-346052","Branch Closings","Receipt","2026-05-26","","https://apps.occ.gov/CAS/home/details?FilingTypeID=14&FilingID=346052&FilingSubtypeID=1007"
"OAKWOOD BRANCH","2025 WHITES ROAD","KALAMAZOO","MI","49008","Kalamazoo","2026-BranchClosing-346053","Branch Closings","Receipt","2026-05-26","","https://apps.occ.gov/CAS/home/details?FilingTypeID=14&FilingID=346053&FilingSubtypeID=1007"
"TELEGRAPH-LONG LAKE BRANCH","3910 TELEGRAPH ROAD, SUITE 100","BLOOMFIELD HILLS","MI","48302","Oakland","2026-BranchClosing-346054","Branch Closings","Receipt","2026-05-26","","https://apps.occ.gov/CAS/home/details?FilingTypeID=14&FilingID=346054&FilingSubtypeID=1007"
"05196 Shelby BC","13555 23 Mile Road","Shelby Township","MI","48315","Macomb","2026-BranchClosing-346055","Branch Closings","Receipt","2026-05-26","","https://apps.occ.gov/CAS/home/details?FilingTypeID=14&FilingID=346055&FilingSubtypeID=1007"
"TEN MILE-HAGGERTY BRANCH","39475 WEST TEN MILE ROAD","NOVI","MI","48375","Oakland","2026-BranchClosing-346056","Branch Closings","Receipt","2026-05-26","","https://apps.occ.gov/CAS/home/details?FilingTypeID=14&FilingID=346056&FilingSubtypeID=1007"
"SPRINGFIELD BRANCH","215 NORTH 20TH STREET","BATTLE CREEK","MI","49037","Calhoun","2026-BranchClosing-346057","Branch Closings","Receipt","2026-05-26","","https://apps.occ.gov/CAS/home/details?FilingTypeID=14&FilingID=346057&FilingSubtypeID=1007"
"05224 West and Hall BC","22990 Hall Road","Woodhaven","MI","48183","Wayne","2026-BranchClosing-346058","Branch Closings","Receipt","2026-05-26","","https://apps.occ.gov/CAS/home/details?FilingTypeID=14&FilingID=346058&FilingSubtypeID=1007"
"WAYNE-WARREN BRANCH","6870 NORTH WAYNE ROAD","WESTLAND","MI","48185","Wayne","2026-BranchClosing-346059","Branch Closings","Receipt","2026-05-26","","https://apps.occ.gov/CAS/home/details?FilingTypeID=14&FilingID=346059&FilingSubtypeID=1007"
"WOODWARD-FOURTEEN MILE BRANCH","33101 WOODARD AVENUE","BIRMINGHAM","MI","48009","Oakland","2026-BranchClosing-346060","Branch Closings","Receipt","2026-05-26","","https://apps.occ.gov/CAS/home/details?FilingTypeID=14&FilingID=346060&FilingSubtypeID=1007"
"05219 West Chelsea BC","2040 West Road","Trenton","MI","48183","Wayne","2026-BranchClosing-346061","Branch Closings","Receipt","2026-05-26","","https://apps.occ.gov/CAS/home/details?FilingTypeID=14&FilingID=346061&FilingSubtypeID=1007"
"LANSING MALL BRANCH","5510 WEST SAGINAW HIGHWAY","LANSING","MI","48917","Eaton","2026-BranchClosing-346062","Branch Closings","Receipt","2026-05-26","","https://apps.occ.gov/CAS/home/details?FilingTypeID=14&FilingID=346062&FilingSubtypeID=1007"
"05175 Howell BC","3866 East Grand River Avenue","Howell","MI","48843","Livingston","2026-BranchClosing-346063","Branch Closings","Receipt","2026-05-26","","https://apps.occ.gov/CAS/home/details?FilingTypeID=14&FilingID=346063&FilingSubtypeID=1007"
"HAYES-HALL ROAD BRANCH","15301 HALL ROAD","MACOMB","MI","48044","Macomb","2026-BranchClosing-346064","Branch Closings","Receipt","2026-05-26","","https://apps.occ.gov/CAS/home/details?FilingTypeID=14&FilingID=346064&FilingSubtypeID=1007"
"01683 Kalamazoo Main BC","136 East Michigan Avenue","Kalamazoo","MI","49007","Kalamazoo","2026-BranchClosing-346065","Branch Closings","Receipt","2026-05-26","","https://apps.occ.gov/CAS/home/details?FilingTypeID=14&FilingID=346065&FilingSubtypeID=1007"
"NORTHSIDE BRANCH","414 CENTER STREET","MUSKEGON","MI","49445","Muskegon","2026-BranchClosing-346066","Branch Closings","Receipt","2026-05-26","","https://apps.occ.gov/CAS/home/details?FilingTypeID=14&FilingID=346066&FilingSubtypeID=1007"
"MAPLE HILL BRANCH","5080 WEST MAIN STREET","KALAMAZOO","MI","49009","Kalamazoo","2026-BranchClosing-346067","Branch Closings","Receipt","2026-05-26","","https://apps.occ.gov/CAS/home/details?FilingTypeID=14&FilingID=346067&FilingSubtypeID=1007"
"51304 Orion Township BC","4491 Interpark","Auburn Hills","MI","48326","Oakland","2026-BranchClosing-346068","Branch Closings","Receipt","2026-05-26","","https://apps.occ.gov/CAS/home/details?FilingTypeID=14&FilingID=346068&FilingSubtypeID=1007"
"01708 Okemos BC","4815 Okemos Road","Okemos","MI","48864","Ingham","2026-BranchClosing-346069","Branch Closings","Receipt","2026-05-26","","https://apps.occ.gov/CAS/home/details?FilingTypeID=14&FilingID=346069&FilingSubtypeID=1007"
"02885 Palmetto Park BC","120 E. Palmetto Park Road","Boca Raton","FL","33432","Palm Beach","2026-BranchClosing-346070","Branch Closings","Receipt","2026-05-26","","https://apps.occ.gov/CAS/home/details?FilingTypeID=14&FilingID=346070&FilingSubtypeID=1007"
"PLAINFIELD BRANCH","4065 PLAINFIELD AVENUE NORTHEAST","GRAND RAPIDS","MI","49525","Kent","2026-BranchClosing-346071","Branch Closings","Receipt","2026-05-26","","https://apps.occ.gov/CAS/home/details?FilingTypeID=14&FilingID=346071&FilingSubtypeID=1007"
"PLEASANT RIDGE BRANCH","24028 WOODWARD AVENUE","PLEASANT RIDGE","MI","48069","Oakland","2026-BranchClosing-346072","Branch Closings","Receipt","2026-05-26","","https://apps.occ.gov/CAS/home/details?FilingTypeID=14&FilingID=346072&FilingSubtypeID=1007"
"ROCHESTER-AVON BRANCH","923 SOUTH ROCHESTER ROAD","ROCHESTER","MI","48307","Oakland","2026-BranchClosing-346073","Branch Closings","Receipt","2026-05-26","","https://apps.occ.gov/CAS/home/details?FilingTypeID=14&FilingID=346073&FilingSubtypeID=1007"
"05217 Taylor BC","9691 Telegraph Road","Taylor","MI","48180","Wayne","2026-BranchClosing-346074","Branch Closings","Receipt","2026-05-26","","https://apps.occ.gov/CAS/home/details?FilingTypeID=14&FilingID=346074&FilingSubtypeID=1007"
"00437 Telegraph and Maple BC","6801 Telegraph Road","Bloomfield Hills","MI","48301","Oakland","2026-BranchClosing-346075","Branch Closings","Receipt","2026-05-26","","https://apps.occ.gov/CAS/home/details?FilingTypeID=14&FilingID=346075&FilingSubtypeID=1007"
"01706 Seminole Rd BC","710 Seminole Road","Norton Shores","MI","49441","Muskegon","2026-BranchClosing-346076","Branch Closings","Receipt","2026-05-26","","https://apps.occ.gov/CAS/home/details?FilingTypeID=14&FilingID=346076&FilingSubtypeID=1007"
"SYLVAN LAKE BRANCH","2340 ORCHARD LAKE ROAD","KEEGO HARBOR","MI","48320","Oakland","2026-BranchClosing-346077","Branch Closings","Receipt","2026-05-26","","https://apps.occ.gov/CAS/home/details?FilingTypeID=14&FilingID=346077&FilingSubtypeID=1007"
"TWENTY THREE MILE-MOUND BRANCH","50955 MOUND ROAD","UTICA","MI","48317","Macomb","2026-BranchClosing-346078","Branch Closings","Receipt","2026-05-26","","https://apps.occ.gov/CAS/home/details?FilingTypeID=14&FilingID=346078&FilingSubtypeID=1007"
"TWENTY ONE MILE-CARD BRANCH","21455 21 MILE ROAD","MACOMB","MI","48044","Macomb","2026-BranchClosing-346079","Branch Closings","Receipt","2026-05-26","","https://apps.occ.gov/CAS/home/details?FilingTypeID=14&FilingID=346079&FilingSubtypeID=1007"
"WELLINGTON BRANCH","1037 SOUTH STATE ROAD 7, SUITE 117","WEST PALM BEACH","FL","33414","Palm Beach","2026-BranchClosing-346080","Branch Closings","Receipt","2026-05-26","","https://apps.occ.gov/CAS/home/details?FilingTypeID=14&FilingID=346080&FilingSubtypeID=1007"
"05197 Van Dyke and 25 BC","54985 Van Dyke Avenue","Shelby Township","MI","48316","Macomb","2026-BranchClosing-346081","Branch Closings","Receipt","2026-05-26","","https://apps.occ.gov/CAS/home/details?FilingTypeID=14&FilingID=346081&FilingSubtypeID=1007"
"DIXIE-DEER LAKE BRANCH","7505 DIXIE HIGHWAY","CLARKSTON","MI","48346","Oakland","2026-BranchClosing-346082","Branch Closings","Receipt","2026-05-26","","https://apps.occ.gov/CAS/home/details?FilingTypeID=14&FilingID=346082&FilingSubtypeID=1007"
"COMERICA BANK TOWER","1717 MAIN STREET","DALLAS","TX","75201","Dallas","2026-BranchClosing-346083","Branch Closings","Receipt","2026-05-26","","https://apps.occ.gov/CAS/home/details?FilingTypeID=14&FilingID=346083&FilingSubtypeID=1007"
"05216 Dodge Park BC","11555 Sixteen Mile Road","Sterling Heights","MI","48312","Macomb","2026-BranchClosing-346084","Branch Closings","Receipt","2026-05-26","","https://apps.occ.gov/CAS/home/details?FilingTypeID=14&FilingID=346084&FilingSubtypeID=1007"
"CROOKS & MAPLE BRANCH","1495 CROOKS ROAD","TROY","MI","48084","Oakland","2026-BranchClosing-346085","Branch Closings","Receipt","2026-05-26","","https://apps.occ.gov/CAS/home/details?FilingTypeID=14&FilingID=346085&FilingSubtypeID=1007"
"EASTSIDE BRANCH","2133 EAST APPLE AVENUE","MUSKEGON","MI","49442","Muskegon","2026-BranchClosing-346086","Branch Closings","Receipt","2026-05-26","","https://apps.occ.gov/CAS/home/details?FilingTypeID=14&FilingID=346086&FilingSubtypeID=1007"
"EAST GRAND RIVER-WHITEMORE LAKE BRANCH","5671 WHITMORE LAKE ROAD","BRIGHTON","MI","48116","Livingston","2026-BranchClosing-346087","Branch Closings","Receipt","2026-05-26","","https://apps.occ.gov/CAS/home/details?FilingTypeID=14&FilingID=346087&FilingSubtypeID=1007"
"CASCADE BRANCH","6511 28TH STREET SOUTHEAST","GRAND RAPIDS","MI","49546","Kent","2026-BranchClosing-346088","Branch Closings","Receipt","2026-05-26","","https://apps.occ.gov/CAS/home/details?FilingTypeID=14&FilingID=346088&FilingSubtypeID=1007"
"07356 Dearborn BC","1620 North Telegraph","Dearborn","MI","48128","Wayne","2026-BranchClosing-346089","Branch Closings","Receipt","2026-05-26","","https://apps.occ.gov/CAS/home/details?FilingTypeID=14&FilingID=346089&FilingSubtypeID=1007"
"02884 Fort Lauderdale BC","200 East Las Olas Boulevard","Ft. Lauderdale","FL","33301","Broward","2026-BranchClosing-346090","Branch Closings","Receipt","2026-05-26","","https://apps.occ.gov/CAS/home/details?FilingTypeID=14&FilingID=346090&FilingSubtypeID=1007"
"FIVE MILE-MERRIMAN BRANCH","31425 FIVE MILE ROAD","LIVONIA","MI","48154","Wayne","2026-BranchClosing-346091","Branch Closings","Receipt","2026-05-26","","https://apps.occ.gov/CAS/home/details?FilingTypeID=14&FilingID=346091&FilingSubtypeID=1007"
"FISHER-ST PAUL BRANCH","415 FISHER ROAD","GROSSE POINTE","MI","48230","Wayne","2026-BranchClosing-346092","Branch Closings","Receipt","2026-05-26","","https://apps.occ.gov/CAS/home/details?FilingTypeID=14&FilingID=346092&FilingSubtypeID=1007"
"FOURTEEN MILE-FARMINGTON BRANCH","33140 WEST FOURTEEN MILE ROAD","WEST BLOOMFIELD","MI","48322","Oakland","2026-BranchClosing-346093","Branch Closings","Receipt","2026-05-26","","https://apps.occ.gov/CAS/home/details?FilingTypeID=14&FilingID=346093&FilingSubtypeID=1007"
"01163 Ann Arbor West BC","2090 West Stadium Boulevard","Ann Arbor","MI","48103","Washtenaw","2026-BranchClosing-346094","Branch Closings","Receipt","2026-05-26","","https://apps.occ.gov/CAS/home/details?FilingTypeID=14&FilingID=346094&FilingSubtypeID=1007"
"05061 18 and Ryan BC","41122 Ryan Road","Sterling Heights","MI","48314","Macomb","2026-BranchClosing-346095","Branch Closings","Receipt","2026-05-26","","https://apps.occ.gov/CAS/home/details?FilingTypeID=14&FilingID=346095&FilingSubtypeID=1007"
"52ND-KALAMAZOO BRANCH","5135 KALAMAZOO AVENUE SE","GRAND RAPIDS","MI","49508","Kent","2026-BranchClosing-346096","Branch Closings","Receipt","2026-05-26","","https://apps.occ.gov/CAS/home/details?FilingTypeID=14&FilingID=346096&FilingSubtypeID=1007"
"ANN ARBOR-MERRIMAN BRANCH","31200 ANN ARBOR TRAIL","WESTLAND","MI","48185","Wayne","2026-BranchClosing-346097","Branch Closings","Receipt","2026-05-26","","https://apps.occ.gov/CAS/home/details?FilingTypeID=14&FilingID=346097&FilingSubtypeID=1007"
"W. GRAND BLVD. AND 3RD BANKING CENTER","2911 WEST GRAND BOULEVARD","DETROIT","MI","48202","Wayne","2026-BranchClosing-346098","Branch Closings","Receipt","2026-05-26","","https://apps.occ.gov/CAS/home/details?FilingTypeID=14&FilingID=346098&FilingSubtypeID=1007"
"TWELVE MILE-DEQUINDRE BRANCH","28230 DEQUINDRE ROAD","WARREN","MI","48092","Macomb","2026-BranchClosing-346099","Branch Closings","Receipt","2026-05-26","","https://apps.occ.gov/CAS/home/details?FilingTypeID=14&FilingID=346099&FilingSubtypeID=1007"
"TWELVE MILE-HALSTEAD BRANCH","37550 TWELVE MILE ROAD","FARMINGTON","MI","48331","Oakland","2026-BranchClosing-346100","Branch Closings","Receipt","2026-05-26","","https://apps.occ.gov/CAS/home/details?FilingTypeID=14&FilingID=346100&FilingSubtypeID=1007"
"WARREN-CALHOUN BRANCH","13335 WEST WARREN AVENUE","DEARBORN","MI","48126","Wayne","2026-BranchClosing-346101","Branch Closings","Receipt","2026-05-26","","https://apps.occ.gov/CAS/home/details?FilingTypeID=14&FilingID=346101&FilingSubtypeID=1007"
"02927 Grosse Pointe Woods BC","20065 Mack Avenue","Grosse Pointe","MI","48236","Wayne","2026-BranchClosing-346102","Branch Closings","Receipt","2026-05-26","","https://apps.occ.gov/CAS/home/details?FilingTypeID=14&FilingID=346102&FilingSubtypeID=1007"
"GRATIOT-HILLSIDE BRANCH","35795 GRATIOT AVENUE","CLINTON TOWNSHIP","MI","48035","Macomb","2026-BranchClosing-346103","Branch Closings","Receipt","2026-05-26","","https://apps.occ.gov/CAS/home/details?FilingTypeID=14&FilingID=346103&FilingSubtypeID=1007"
"GARFIELD-CANAL BRANCH","41941 GARFIELD ROAD","CLINTON TOWNSHIP","MI","48038","Macomb","2026-BranchClosing-346104","Branch Closings","Receipt","2026-05-26","","https://apps.occ.gov/CAS/home/details?FilingTypeID=14&FilingID=346104&FilingSubtypeID=1007"
"FRANDOR BRANCH","223 NORTH CLIPPERT STREET","LANSING","MI","48912","Ingham","2026-BranchClosing-346105","Branch Closings","Receipt","2026-05-26","","https://apps.occ.gov/CAS/home/details?FilingTypeID=14&FilingID=346105&FilingSubtypeID=1007"
"FOUR MILE-ALPINE BRANCH","857 FOUR MILE ROAD","GRAND RAPIDS","MI","49544","Kent","2026-BranchClosing-346106","Branch Closings","Receipt","2026-05-26","","https://apps.occ.gov/CAS/home/details?FilingTypeID=14&FilingID=346106&FilingSubtypeID=1007"
"GRATIOT-EIGHT MILE BRANCH","15261 GRATIOT AVENUE","DETROIT","MI","48205","Wayne","2026-BranchClosing-346107","Branch Closings","Receipt","2026-05-26","","https://apps.occ.gov/CAS/home/details?FilingTypeID=14&FilingID=346107&FilingSubtypeID=1007"
"GRANDVILLE-44TH WILSON BRANCH","4480 WILSON AVENUE","GRANDVILLE","MI","49418","Kent","2026-BranchClosing-346108","Branch Closings","Receipt","2026-05-26","","https://apps.occ.gov/CAS/home/details?FilingTypeID=14&FilingID=346108&FilingSubtypeID=1007"
"GRAND RIVER-HILTON BRANCH","8250 HILTON ROAD","BRIGHTON","MI","48114","Livingston","2026-BranchClosing-346109","Branch Closings","Receipt","2026-05-26","","https://apps.occ.gov/CAS/home/details?FilingTypeID=14&FilingID=346109&FilingSubtypeID=1007"